{
  "n_samples": 4,
  "metrics": {
    "context_precision": 0.9999999999666667,
    "context_recall": 1.0,
    "faithfulness": 0.9285714285714286,
    "answer_relevancy": 0.7644244713733084
  }
}